name	width	height	dhash256	ahash256	sha256
05f19666ed49f368.png	522	295	001011ba123a126c264c2b7a09da0dc0e19a729d661966ab52ab535506000505	0000077007f007f00ff00ff00bf000000000c630fcfefcf6f7fe160004000000	05f19666ed49f368ccf3aa146e4f07f8ca6cf0da5c5b10dfd14502a30d08dc68
065cb975e20e85a9.webp	520	520	f724cce4cce5c8e1c9e1c9e1ecc0ccb605a7149f28c778e56965627d64fd36b0	001f000f008f018f03cf01cf000301a03fec7ffc7b9ef38efbde7ffe7fff7fc3	065cb975e20e85a9d8327a9b3574240e3051593fd19f5ff9b5cc00eb397e1f67
0f2282fd5b53948f.webp	1000	1250	7ce9a8d6cb16837a209e249d20f028ba249f249d2499258e3099209fe8e06471	c10381891ffc07e061b065a07f8061e061fe61f87fa0637865a067b0c187c003	0f2282fd5b53948f5f14c22b146576a42e490a307f966cc86e42e3a932333c6b
183eaf19e84ad365.webp	946	1182	68e999e68a53455e123e06351e4d028b336d14701858326d52bf273b86ae9a34	000000001afc1ffc04000c681cd8063e06d000c003f007f807fc0ff00c080000	183eaf19e84ad3650228fa2c23117a7c2a39a072a10df958214fa4c7f3261220
1d6e303714642bf6.webp	760	1013	7174dc6ab91aae5696da84daac6a8e26af96f9deec4cf361b2b2b335f325cda6	e3eff1c1b831fc81fca1bdf1f8c19c018c0d803d8011800087e087eb87ebfe08	1d6e303714642bf69ba6b5501de6ad11036e43547e2f63623c1c60989d092b95
1e9e2e722f5c6e9e.webp	1000	563	b003d803a903b083e04b605ac04d403c6033d07160193400d4316f063b0b1d16	000e001e001e000e001e009000d000f840e0c002c00760079007e01f7e3e387d	1e9e2e722f5c6e9eb12b95ea6d75acc73e268ddf2e69e51ec5f4bf9b7a2fd013
29b2257a9fedd26b.webp	1000	563	90db81d700f610ce04d60517060b042b042b043f083f007922db007d08f445cc	03f407fc0ffc1ffc3fff7fff7fff7ffffffefffe7ff83ff01ff01fe00b000400	29b2257a9fedd26bae18cd6d63c72c9c2f59bc3804f59a24e739f7bcd3e33751
2d5ed350d26c050b.webp	760	1013	d710cdccd9a4d8e0b9e4f8b4d31cd60ce64cec70da60fc00d2c4f2b4ed9a02ec	fc3ff81ff00ff10fe3cfe103c033c03bc013c003c007c007c40fc7ffffffffff	2d5ed350d26c050b6bcb1d458291ea9fb900e7ed176d1b7cdfdc0974606886dd
3241306c93000ad3.webp	760	1013	d7c8d9ccd28cdcccccc69444d6cadf14d964c690fa32f970c6dce6dcee9a01ec	ff3ffa1fe01fb81ff89ffddfdc1fd80780038003c007c007c5bbc5ffffffffff	3241306c93000ad3455afefa9cb50896d0974b88f01261ecc94c8036513e52e3
3760e1f1d1df1182.webp	946	1015	c4474695d91731de7cef3c8f3ed4539c0c9c4c9307ae31b61c940cd63e3727c1	0000000000207f907f807f987f807700080018007f807f807fa07d807c007f80	3760e1f1d1df11821ecbe593db7b5019c52e6a6001e22bb57ac3dc34d7b0b8d9
38f7487b4a48705b.webp	1672	941	93b58132c36399312a5926d0ac92d45250c288c6ac15d65bfc49383978777873	00000260024e007e00f22ce701a501b401cf01bf003e80fe01f201fe01ff01fe	38f7487b4a48705b8d75f66c487b224f2952ef0dcb74731778975aece786d6af
40b77f0c5b9cab43.webp	520	520	2520081147a86d2af8d1f6e4b2c67ad64ccad46194738e726632463789084423	ffffffff5f7f000000000000000000bf09bf9dcf1fc43fe0ccecffffffffffff	40b77f0c5b9cab430839197c9e647da1e4e9beeb9dad155fe1f72b46840b4902
4213a5bd8175d801.webp	520	520	21fa438d97862dfb1cf919d95424cc6e9ed035b26ee31af538d39cc6449d20fa	07800f103f0c3ff47ff27fa2ffe3d9d9ff81ffe77fce7ffe3ffc3ffc0ff003c0	4213a5bd8175d8010379f6f8dcfb6f407f77cfe21625548ee9692615223482e9
44049d5f46ae6a12.webp	1000	1333	2fcfb7135e13b80f813d8d7b0663268f065d0999871c072607124658345e0f1d	00002000007e01ff1fff3fff3fcc7c187ff03f700e003801182700f100f80070	44049d5f46ae6a12665e7a658e4d4a344fa8078dfd2fbb06da725ebd8e40cc65
441b778dda048206.webp	1000	563	01c183c32b922b266c26202721273b671a63da43da4bd8379c779e169317912d	000f000f002f604f606f600e600f600e300e108e10bf13ff19ff3c7f36783278	441b778dda04820687bdace454fd83775f369d9f55e0e8654481e7a9a6e5b65b
4538292ff5eca3cf.webp	520	520	2d882c882cc82cc82c482e482c482e482c482d482dc82d482d482d482d482e88	f81ff81ff81ff81ff81ff81ff81ff81ff81ff81ff81ff81ff81ff81ff81ff81f	4538292ff5eca3cf07614165630cde6bd81b91eee147b05294241e5eea78b503
46a75e190baad8e8.webp	600	800	baa67acaeb28a27a80f884fa90b8a070a66ea642a0f6b99a933e93357235ea36	ffe1e001000187c187e187e183e181c18001808581e183f187f1b7ebe7efdfff	46a75e190baad8e8669b0662b8a07d9ede469f5ac106207a3c8311dfa3b96f20
4739c5c2017c4c0e.webp	1672	941	1b37111d304984dc88d9a0d1e949c8cb846aec69b6621ce3074221d284d35b9b	004000000080018003b78b87cb978f971fd7fdc7acc539861e04078501870006	4739c5c2017c4c0e6efa6f3c6456f759f163a2c92437e287d6e87d0e5ada924d
49acafbeb1e4b6bb.webp	1672	941	01c183c32b922b266c26202721273b671a63da43da4bd8379c779e169317912d	000f000f002f604f606f600e600f600e300e108e10bf13ff19ff3c7f36783278	49acafbeb1e4b6bbcf0e48231077b13a7df27e5d889fca4d7eb78be1f979363e
4bf65583e3739d3f.webp	760	1013	de20dd30d7d0d8e0d8e4f8e4d9e0f8d0f664da6cee60f610f124f124ee1a03ec	f86ff803f007f00ff08ff1cbf383c183e0c3c0c1c003c007c04fc17ffdffffff	4bf65583e3739d3fbca7222f75881fc00e687a2041091cc9e7e1c55aa847c60a
4fd4c223e064c15d.webp	760	1013	d3c0cf20d838d920e630e530d9e0dad0dd50f194f380e390c124f934ed9882ec	fffff803f003f003c043e0c3c103c003c007c00fc007c007c34fc3ffffffffff	4fd4c223e064c15d7b6badaaefd26d00a5a7f55552f500e4f3b17c48ca4f0cde
59f9acb8861a6595.webp	760	1013	df90ccc0d86cd8e4f84cf938ef2c9a99b720f5e6627264d0f164f134ed1a02ec	fc3ff81ff09f919fc1ffe060f800f000f003c00fc007c007c34bc3ffff7fffff	59f9acb8861a65950a29ef4e798df3b2524900155fe3b402ebc36df28e35a26b
5b07190f56f5759b.webp	946	1160	3b387bc073b151bd51a65136508e51cf334b310f30cfb48bb10bb21ba61b81ff	0000000000000300034f007f01bf039f001f001f003f003f803f003f0fff0fff	5b07190f56f5759b58d39f46b1c0ec92b19c85c7364e54d309eb69beb4b1f806
617f58b1207050e6.webp	900	1192	d188d9c4d8ccd8cccd44ecc8d8e4d924d9c4e590e590f718f4dcf29cfc9a03ec	ffbff01ff19fb19fd9dff99fd00fd00fc003c003c0078017c4bbc1bff07fffff	617f58b1207050e6e69fc4958bce2273235e2c04919622eb789cd89d29623d38
6577d53b1cb3b2d1.webp	946	1010	ab13ccb35aa932985859797324e746d336630ea74f934d384d398d418b411a71	00000800d0506000f000700020040c06045e180edf047f407f003b0e3a1f02cf	6577d53b1cb3b2d1c9d1b4bbc3eab120ae52022d90da25dd166090e57febf09a
6abf49f3aab3c507.webp	760	1013	717cc5de8d9a9a9e9cdaac6aa8609c60a5b68306bc5af580f332b3b5b325cda4	e3ffffe1f921b021f99581c581c181c18f0186018001800087e187ef87ebfe18	6abf49f3aab3c50795ca3ba5c60a67962804c29b09bf149998a59bcfdcc783a4
735af9e4bef7878c.png	64	64	000000000130044009b0123a255aedb0339b229b2a9bc3402c88020000000000	0000000000000000076007f00ff00be062307efe7ffe04000000000000000000	735af9e4bef7878c2df541e7658aa9dcffb2de1a5f79e8b1e46c421f21297895
815c2fdfd2a254ce.webp	760	1013	70fcd3babe1eadc6ace6bcf2bc62ab46ab64e724ec86ae21b2b0b335b325f3a4	e7fff601e001a801f905b1c181858a018e098c098801800087e187ef87fbff18	815c2fdfd2a254ce874588670792853e85fee28943b81054145ff8ff38da61ef
82d07bafb9d31903.webp	520	520	0000801031028c70ccb0ccb443b2a43ab4749338935884d4841d084000000000	ffffffffffffffe700200000ffc000400040004000000000ffffffffffffffff	82d07bafb9d31903f214f6f772c6496c8ea664f7d3b5b0c7ae51e45e50b91644
8f1e2635714effb9.webp	760	1013	dcc4d8e4cfa4cd44dc44f04edacccf24cb24cb84d920f460f1acf134e59a02ec	ffbff08ff80bf80bf81fe3fff00bde03800380038007e007e3ffc3ffffffffff	8f1e2635714effb9e86009b3eaaef16507869380a8f2c14fbd5ee9ae45ea9d1d
9cf5f3c7c8e43450.webp	760	1013	71ecd7a2bef2a8ccea66be629c6cece6c866d962fe4efb48b3b0b3359335dba4	f7fffc01f1c1e281f8cdf0c781c181c9900190018001800387e1a7ff87fbff58	9cf5f3c7c8e43450aedec92f6a7740b97f158195ae595402bda0f49609a64598
a1b97912e03ddf75.webp	900	1125	6b1e679761df98d32f9b25ab29ed01ab63f383ab325f3b51096d4b8f064f855f	0078063cc3bcb9a47c207f103fc017c0cfc01ff03ffc3ee63ff85ffe1ffc0ff8	a1b97912e03ddf75915ab97cc2680ad5d8582638d1e0a17f0f47b957254d48e7
aa59a517161edaeb.webp	520	520	66c174e16470641874107c187c38719061586bd878c97de9659066d072d17e40	fd07e007e007e077e027e027e077e007e317e237e017e007e007e007e007e007	aa59a517161edaeb719fab4d36a6201983ac64594c3345ef07ee1f3d6582c912
aa7f2899b9a883f5.webp	1080	1350	08e124d93429112944d820d3308b5c8b3069639e0026103b206b046a224c6174	03870187687f007e01b701bf03fe01ff01ff000103ff03ff07ff000100010000	aa7f2899b9a883f5dda81a8cd1dba79baf40c81922d602ac21043177db528454
ac868759ec08626e.webp	520	520	cff8fedc798cfd6cf478fa787e70d6494ed9c698f2c8f648e6496e49612968fd	fe03f003f003e00be0c3f0e3c087c087c003c023e013e413ecf3ccf3c1f3c1fb	ac868759ec08626ee74cb38cd10be77f6f81b00c256f43cf5da2d08cea86e80b
b1e7d92e49e334d4.webp	520	520	0020080406b9067906c10fd307930d911dc5290cb66fb4cea9cd8b6b14148940	ffffffffffff7c43ff07fe07fe07fd07000b003800fc21b80380ffffffffffff	b1e7d92e49e334d4e0e4e85e83340593d2151f1019d15c2623f54347211359c3
b27ac3e14ebc9fa7.webp	520	520	ec286c886d887c98718075e0e6e0eed8eec8664cee38fb0ceb40f660f969f9c8	f9fff83ff83ff93fe33fc10fc003c003c003c09bc07fc03fc00fc007c003d103	b27ac3e14ebc9fa7fbda3142d810a9801dbe2470bbf893e2b6425dbff996cf69
be1b96881d52ce48.webp	520	520	6e59f739fdb8fd98dd18c64ce34ce3c443c447d04eb06bf8c7fc47c8df98f634	e843e043e823f803f833fc13fe1bff0bde03ce03df03dfc3df83ff03f823e063	be1b96881d52ce48c20db9d2d6a02c57fcfbd44946921a0cb2ab8de2edd1ab03
d0aed7c77fe2c752.webp	1000	750	8966720d109d693e11b992b1139b5b3344f2453e46db3c9a0f0822c808d288c8	0000001801f803ff077f3fff3fff7fffffff1ffc00bff03f1c3f078301800080	d0aed7c77fe2c752041f34b69fbd966a14adc52d5f7fd044b1be8cdbab219a15
d878f9472706fdbe.webp	1672	941	806f925e823f827b483e09790739473d47bc089808b903ad238c2dac313c2d1d	03f807f807fc07fc01f80fe00f620e600f731ff309a30f030603010100000000	d878f9472706fdbe31ce6e38bab59e1ce431df75bb63eeeb5d50e3b8f10d7fee
d9800fa21c1b6e2e.webp	760	1013	db3cf32cfb24d13cd3acfb18ff58d730ef04fb009e1ab410b924d124ed9a02ec	f67fe07fe079a271e701e203e003d403c803e003f807e007f3cbe37ffb7fffff	d9800fa21c1b6e2e9602fe3743f9c0837bdf6bf3f221c06c623d5772d9f3d22b
d9961b8b48fdb587.webp	1000	563	406e921e823f827b483e09790739473d47bc089808b903ad238c25ac333c2d1d	03f807f807fc07fc01f80fe00f620e601f731ff309a30f030603010100000000	d9961b8b48fdb58765c41a601162c5f2bb1a0068458c63fb0a8cc9ce72f02881
da930bd7fba6ff56.png	522	295	0000019812ba022c064c2b6a09da0dc0e99a729d661966ab52ab535506000505	0000077007f007f00ff00ff00bf000000010c730fcfefcfef7fe160004000000	da930bd7fba6ff564b3ef56081a662163bfd25e2dddaf7d5542d8c7e47e37779
e22350b8ec2d748a.webp	760	1013	711ac9cb8c4f3ccef8c3e032951a974ad348d530e2c4e135e234b3359865cde4	e3ffdf3fb81ffdbff1ff8067b431b011801180018001c000c7e0e7ebf3cbfb88	e22350b8ec2d748a6e89cf9829a88b2a7e853c25a1bb1be787bc0c01b2690acd
e284222013366784.webp	520	520	e378eb28f128eb48fad968ec7a9cf2cc62c8624ce4c86f90fee4dad4d1e0d178	c003c003c003c003e003d003c003e29bc393c6dbed13fe07fd8fff8fffc3ffc3	e2842220133667845b1129b2c07bf1c7d90be1384b36dd023255375b9793fa27
e404ebb20f7273f8.webp	760	1013	dd9cdb94de16d986c9b1b914d886d89ada4ccb48da70c4f0e164f124ec9202ec	fffff03ff03ff93ffb7ff03fc000d000c003c003c0078007c24fc27fffffffff	e404ebb20f7273f83e8dc3c6d85af1f53b688dcaed46b63bb2f4fd78fbf5d6f8
ea48add4d1a2b11d.png	180	180	000000000130044009b0123a245aadb4739b229b2a9bc7402884000000000000	0000000000000000076007f00ff00be066307efe7ffc04000000000000000000	ea48add4d1a2b11dd388eaf1776259a9bc53862abbc673607e1e7e844f9f8bbc
eabca6a873f77362.jpg	1200	630	409e929e9a9b989f6c162d198319579d579c469826985689678c098c211c311c	0038003c383e307c7878782200227c237c337c336e237c020403000100000020	eabca6a873f77362a9158556424d37d94960ceebacb508567e2514af22cba5a1
f12cf40a97634cc9.webp	1000	563	1b37111d304984dc88d9a0d1e949c8cb846aec69b6621ce3074221d284d35b9b	004000200080018003b78b87cb978f971fd7fdc7acc53b861e04078501870006	f12cf40a97634cc9f4c135abcaa7f94052919a467eeca2924f5fd152ef3b38a0
f2097a926bdf48b3.webp	760	1013	f18cf1e4d887d896da91c98fd9cf9dc9be87f534f590f420d124f924ec9a03ec	f31fe30ff17ff03ff7fffb3fd010f010f000e000c003c00fc24fc37ff9ffffff	f2097a926bdf48b3cb4bc1f0c84d7a817b817acbf14dab7b0a2bdae31f7930ac
f260809328cde7d1.webp	1000	563	053f200f083f0b2f0015021b011b8157305f085f91ae837bc07c64fc31db3058	fff07ffcfffcfff8fffeffffffffffff7ffe7ffc3ff81ff70ff107c001e00083	f260809328cde7d118195d4494d48a7e170ae33edc1ffc13ff43d1d6fbaedd86
