id,group,file_name,path,duration,size,bit_rate,codec,width,height,r_frame_rate,avg_frame_rate,nb_frames,pix_fmt,color_space,color_transfer,color_primaries,color_range,error
1,CITY,14c97c0b-fc05-4a28-a12c-68da1f5c9a4c 4K.mp4,inputs/sources/CITY/runway進城/14c97c0b-fc05-4a28-a12c-68da1f5c9a4c 4K.mp4,2.5,13507840,43225088,h264,3840,2160,24/1,24/1,60,yuv420p,,,,,
2,CITY,Add a restrained ceremonial welcoming layer to this exact 2_.mp4,inputs/sources/CITY/runway進城/Add a restrained ceremonial welcoming layer to this exact 2_.mp4,2.5,3424868,10959577,h264,1920,1080,24/1,24/1,60,yuv420p,,,,,
3,CITY,Add an elegant distant fireworks celebration inside the city.mp4,inputs/sources/CITY/runway進城/Add an elegant distant fireworks celebration inside the city.mp4,2.5,4884662,15630918,h264,1920,1080,24/1,24/1,60,yuv420p,,,,,
4,CITY,Preserve this exact 3.5-second sequence. The supplied origin.mp4,inputs/sources/CITY/runway進城/Preserve this exact 3.5-second sequence. The supplied origin.mp4,3.5,8507658,19446075,h264,1920,1080,24/1,24/1,84,yuv420p,,,,,
5,CITY,"Refine this exact 2.5-second shot with restrained, physicall.mp4","inputs/sources/CITY/runway進城/Refine this exact 2.5-second shot with restrained, physicall.mp4",2.5,6012101,19238723,h264,1920,1080,24/1,24/1,60,yuv420p,,,,,
6,CITY,e16d2f9f-ffdc-4d9f-a325-fc890be5a2c7 4K.mp4,inputs/sources/CITY/runway進城/e16d2f9f-ffdc-4d9f-a325-fc890be5a2c7 4K.mp4,2.5,19561363,62596361,h264,3840,2160,24/1,24/1,60,yuv420p,,,,,
7,MAGIC,Create one continuous 4-second cinematic ending transition s.mp4,inputs/sources/MAGIC/runway魔幻/Create one continuous 4-second cinematic ending transition s.mp4,4.041667,4292827,8497141,h264,1920,1080,24/1,24/1,97,yuv420p,,,,,
8,MAGIC,Create one continuous five-second repair bridge between the.mp4,inputs/sources/MAGIC/runway魔幻/Create one continuous five-second repair bridge between the.mp4,5.041667,13124245,20825246,h264,1916,1080,24/1,24/1,121,yuv420p,,,,,
9,MAGIC,Create one continuous five-second repair bridge for the midd.mp4,inputs/sources/MAGIC/runway魔幻/Create one continuous five-second repair bridge for the midd.mp4,5.041667,18425061,29236458,h264,1916,1080,24/1,24/1,121,yuv420p,,,,,
10,MAGIC,Create one continuous five-second repair shot for the look-b.mp4,inputs/sources/MAGIC/runway魔幻/Create one continuous five-second repair shot for the look-b.mp4,5.041667,12795826,20304119,h264,1916,1080,24/1,24/1,121,yuv420p,,,,,
11,MAGIC,Create one continuous five-second replacement bridge ONLY fo.mp4,inputs/sources/MAGIC/runway魔幻/Create one continuous five-second replacement bridge ONLY fo.mp4,5.041667,22536677,35760675,h264,1916,1080,24/1,24/1,121,yuv420p,,,,,
12,MAGIC,One continuous five-second invitation gesture from the suppl (1).mp4,inputs/sources/MAGIC/runway魔幻/One continuous five-second invitation gesture from the suppl (1).mp4,5.041667,17102696,27138160,h264,1916,1080,24/1,24/1,121,yuv420p,,,,,
13,MAGIC,One continuous five-second invitation gesture from the suppl.mp4,inputs/sources/MAGIC/runway魔幻/One continuous five-second invitation gesture from the suppl.mp4,5.041667,13095899,20780268,h264,1916,1080,24/1,24/1,121,yuv420p,,,,,
14,MAGIC,One continuous five-second opening shot_ The camera is compl.mp4,inputs/sources/MAGIC/runway魔幻/One continuous five-second opening shot_ The camera is compl.mp4,5.041667,7198045,11421690,h264,1916,1080,24/1,24/1,121,yuv420p,,,,,
15,MAGIC,One continuous five-second portrait shot from the supplied m.mp4,inputs/sources/MAGIC/runway魔幻/One continuous five-second portrait shot from the supplied m.mp4,5.041667,16492216,26169464,h264,1916,1080,24/1,24/1,121,yuv420p,,,,,
16,MAGIC,One continuous five-second shot connecting the supplied wide.mp4,inputs/sources/MAGIC/runway魔幻/One continuous five-second shot connecting the supplied wide.mp4,5.041667,22432625,35595567,h264,1916,1080,24/1,24/1,121,yuv420p,,,,,
17,MAGIC,Regenerate this exact five-second invitation_reaching shot w.mp4,inputs/sources/MAGIC/runway魔幻/Regenerate this exact five-second invitation_reaching shot w.mp4,5.041667,11516338,18273857,h264,1916,1080,24/1,24/1,121,yuv420p,,,,,
18,MAGIC,Single continuous five-second final architectural ending sho.mp4,inputs/sources/MAGIC/runway魔幻/Single continuous five-second final architectural ending sho.mp4,5.041667,20741577,32912252,h264,1920,1080,24/1,24/1,121,yuv420p,,,,,
19,MOMIJI,A single continuous five-second shot from a fixed tripod_ Th.mp4,inputs/sources/MOMIJI/runway紅葉/A single continuous five-second shot from a fixed tripod_ Th.mp4,5.041667,7727357,12261590,h264,1928,1076,24/1,24/1,121,yuv420p,,,,,
20,MOMIJI,B1 _ one continuous four-second cinematic take from the exac.mp4,inputs/sources/MOMIJI/runway紅葉/B1 _ one continuous four-second cinematic take from the exac.mp4,4.041667,6195802,12263854,h264,1920,1080,24/1,24/1,97,yuv420p,,,,,
21,MOMIJI,C1 _ one continuous four-second intimate portrait take from.mp4,inputs/sources/MOMIJI/runway紅葉/C1 _ one continuous four-second intimate portrait take from.mp4,4.041667,5015997,9928570,h264,1920,1080,24/1,24/1,97,yuv420p,,,,,
22,MOMIJI,C2 _ one continuous four-second intimate take from the exact.mp4,inputs/sources/MOMIJI/runway紅葉/C2 _ one continuous four-second intimate take from the exact.mp4,4.041667,5448169,10784003,h264,1920,1080,24/1,24/1,97,yuv420p,,,,,
23,MOMIJI,Create a continuous four-second motion bridge between these.mp4,inputs/sources/MOMIJI/runway紅葉/Create a continuous four-second motion bridge between these.mp4,4.041667,3177999,6290471,h264,1920,1080,24/1,24/1,97,yuv420p,,,,,
24,MOMIJI,Create one continuous four-second continuity bridge that rep.mp4,inputs/sources/MOMIJI/runway紅葉/Create one continuous four-second continuity bridge that rep.mp4,4.041667,8048030,15930119,h264,1920,1080,24/1,24/1,97,yuv420p,,,,,
25,MOMIJI,D1 _ one continuous four-second full-body preparation take f.mp4,inputs/sources/MOMIJI/runway紅葉/D1 _ one continuous four-second full-body preparation take f.mp4,4.041667,4702972,9308974,h264,1920,1080,24/1,24/1,97,yuv420p,,,,,
26,MOMIJI,D2 _ one continuous five-second full-body turning take from.mp4,inputs/sources/MOMIJI/runway紅葉/D2 _ one continuous five-second full-body turning take from.mp4,5.041667,6360046,10091973,h264,1920,1080,24/1,24/1,121,yuv420p,,,,,
27,MOMIJI,D3 _ one continuous five-second full-body continuation from.mp4,inputs/sources/MOMIJI/runway紅葉/D3 _ one continuous five-second full-body continuation from.mp4,5.041667,6161868,9777508,h264,1920,1080,24/1,24/1,121,yuv420p,,,,,
28,MOMIJI,E _ one continuous four-second closing take from the exact s.mp4,inputs/sources/MOMIJI/runway紅葉/E _ one continuous four-second closing take from the exact s.mp4,4.041667,4810758,9522324,h264,1920,1080,24/1,24/1,97,yuv420p,,,,,
29,MOMIJI,END E _ one continuous four-second closing transition from t.mp4,inputs/sources/MOMIJI/runway紅葉/END E _ one continuous four-second closing transition from t.mp4,4.041667,5034549,9965292,h264,1920,1080,24/1,24/1,97,yuv420p,,,,,
30,MOMIJI,Edit this exact 9_5-second rotation shot while preserving th.mp4,inputs/sources/MOMIJI/runway紅葉/Edit this exact 9_5-second rotation shot while preserving th.mp4,9.041667,11890354,10520497,h264,1920,1080,24/1,24/1,217,yuv420p,,,,,
31,MOMIJI,LOCKED-OFF SINGLE TAKE_ The camera is physically bolted to a.mp4,inputs/sources/MOMIJI/runway紅葉/LOCKED-OFF SINGLE TAKE_ The camera is physically bolted to a.mp4,5.041667,7450580,11822407,h264,1928,1076,24/1,24/1,121,yuv420p,,,,,
32,MOMIJI,Merge the two separate smoke bursts into one single continuo.mp4,inputs/sources/MOMIJI/runway紅葉/Merge the two separate smoke bursts into one single continuo.mp4,5.0,7929920,12687872,h264,1920,1080,24/1,24/1,120,yuv420p,,,,,
33,MOMIJI,One continuous five-second locked-tripod shot_ Keep the came.mp4,inputs/sources/MOMIJI/runway紅葉/One continuous five-second locked-tripod shot_ Keep the came.mp4,5.041667,5556240,8816512,h264,1920,1080,24/1,24/1,121,yuv420p,,,,,
34,MOMIJI,Repair only the causal arm-to-sleeve pose at this anchor fra.mp4,inputs/sources/MOMIJI/runway紅葉/Repair only the causal arm-to-sleeve pose at this anchor fra.mp4,3.333333,4267836,10242807,h264,1920,1080,24/1,24/1,80,yuv420p,,,,,
35,MOMIJI,"Repair only the hand-to-fabric contact. At the anchor frame,.mp4","inputs/sources/MOMIJI/runway紅葉/Repair only the hand-to-fabric contact. At the anchor frame,.mp4",4.0,3948535,7897070,h264,1920,1080,24/1,24/1,96,yuv420p,,,,,
36,MOMIJI,Repair only the sleeve-sweep physics in this exact shot. At_.mp4,inputs/sources/MOMIJI/runway紅葉/Repair only the sleeve-sweep physics in this exact shot. At_.mp4,3.333333,4238398,10172156,h264,1920,1080,24/1,24/1,80,yuv420p,,,,,
37,MOMIJI,"Repair only the smoking gesture. At the anchor frame, move t.mp4","inputs/sources/MOMIJI/runway紅葉/Repair only the smoking gesture. At the anchor frame, move t.mp4",5.0,7703831,12326129,h264,1920,1080,24/1,24/1,120,yuv420p,,,,,
38,MOMIJI,TURN D1 _ one continuous five-second full-body relay shot fr.mp4,inputs/sources/MOMIJI/runway紅葉/TURN D1 _ one continuous five-second full-body relay shot fr.mp4,5.041667,6034895,9576031,h264,1920,1080,24/1,24/1,121,yuv420p,,,,,
39,MOMIJI,TURN D2 _ one continuous five-second full-body continuation.mp4,inputs/sources/MOMIJI/runway紅葉/TURN D2 _ one continuous five-second full-body continuation.mp4,5.041667,6894793,10940497,h264,1920,1080,24/1,24/1,121,yuv420p,,,,,
40,MOMIJI,agent_generate_video - Cinematic single continuous take_ no cuts_ A woman in an orn_.mp4,inputs/sources/MOMIJI/runway紅葉/agent_generate_video - Cinematic single continuous take_ no cuts_ A woman in an orn_.mp4,8.08,8996377,8907303,h264,1920,1080,24/1,24/1,193,yuv420p,,,,,
41,OPENING,8a2978d8-4278-4b20-9c7f-90a7883da7cc 4K.mp4,inputs/sources/OPENING/runway開頭/8a2978d8-4278-4b20-9c7f-90a7883da7cc 4K.mp4,2.5,10517208,33655065,h264,3840,2160,24/1,24/1,60,yuv420p,,,,,
42,OPENING,"Add subtle natural twinkling stars in the night sky, slow vo.mp4","inputs/sources/OPENING/runway開頭/Add subtle natural twinkling stars in the night sky, slow vo.mp4",2.5,3317904,10617292,h264,1920,1080,24/1,24/1,60,yuv420p,,,,,
43,OPENING,Continuous seamless five-second shot_ Separate the airship f.mp4,inputs/sources/OPENING/runway開頭/Continuous seamless five-second shot_ Separate the airship f.mp4,5.041667,15691172,24898386,h264,1924,1076,24/1,24/1,121,yuv420p,,,,,
44,OPENING,Create one continuous 5-second ceremonial fantasy opening tr.mp4,inputs/sources/OPENING/runway開頭/Create one continuous 5-second ceremonial fantasy opening tr.mp4,5.041667,13059192,20722022,h264,1920,1080,24/1,24/1,121,yuv420p,,,,,
45,OPENING,MagicOffice_Opening_NO_TEXT_4K.mp4,inputs/sources/OPENING/runway開頭/MagicOffice_Opening_NO_TEXT_4K.mp4,5.5,32565177,47367530,h264,3840,2160,24/1,24/1,132,yuv420p,,,,,
46,OPENING,"Preserve this exact 2.5-second shot at the same composition,.mp4","inputs/sources/OPENING/runway開頭/Preserve this exact 2.5-second shot at the same composition,.mp4",2.5,3731645,11941264,h264,1920,1080,24/1,24/1,60,yuv420p,,,,,
47,PALACE,15f15c9d-05ac-4544-9985-a894fa10151b 4K.mp4,inputs/sources/PALACE/runway櫻花之宮/15f15c9d-05ac-4544-9985-a894fa10151b 4K.mp4,2.5,17790976,56931123,h264,3840,2160,24/1,24/1,60,yuv420p,,,,,
48,PALACE,Enhance only the environmental detail in this exact 5-second.mp4,inputs/sources/PALACE/runway櫻花之宮/Enhance only the environmental detail in this exact 5-second.mp4,5.0,10075486,16120777,h264,1920,1080,24/1,24/1,120,yuv420p,,,,,
49,PALACE,One continuous seamless cinematic entrance shot_ no cuts and.mp4,inputs/sources/PALACE/runway櫻花之宮/One continuous seamless cinematic entrance shot_ no cuts and.mp4,5.041667,21126083,33522377,h264,1916,1080,24/1,24/1,121,yuv420p,,,,,
50,PALACE,Refine this exact 5-second motion-locked transition. The sou.mp4,inputs/sources/PALACE/runway櫻花之宮/Refine this exact 5-second motion-locked transition. The sou.mp4,5.0,11502021,18403233,h264,1920,1080,24/1,24/1,120,yuv420p,,,,,
51,SAKURI,A1 _ one continuous four-second locked-camera interpolation.mp4,inputs/sources/SAKURI/RUNWAY/A1 _ one continuous four-second locked-camera interpolation.mp4,4.041667,4581902,9069331,h264,1920,1080,24/1,24/1,97,yuv420p,,,,,
52,SAKURI,A2 _ direct continuation from the exact extracted frame of t.mp4,inputs/sources/SAKURI/RUNWAY/A2 _ direct continuation from the exact extracted frame of t.mp4,4.041667,4199421,8312255,h264,1920,1080,24/1,24/1,97,yuv420p,,,,,
53,SAKURI,A3 _ direct continuation from the exact extracted near-final.mp4,inputs/sources/SAKURI/RUNWAY/A3 _ direct continuation from the exact extracted near-final.mp4,4.041667,4444719,8797793,h264,1920,1080,24/1,24/1,97,yuv420p,,,,,
54,SAKURI,Bridge 1A_ One continuous four-second repair shot between th.mp4,inputs/sources/SAKURI/RUNWAY/Bridge 1A_ One continuous four-second repair shot between th.mp4,4.041667,4250987,8414324,h264,1920,1080,24/1,24/1,97,yuv420p,,,,,
55,SAKURI,Bridge 1B_ One continuous four-second transition between the.mp4,inputs/sources/SAKURI/RUNWAY/Bridge 1B_ One continuous four-second transition between the.mp4,4.041667,4107282,8129877,h264,1920,1080,24/1,24/1,97,yuv420p,,,,,
56,SAKURI,Bridge 2A_ Create one continuous four-second practical in-ca.mp4,inputs/sources/SAKURI/RUNWAY/Bridge 2A_ Create one continuous four-second practical in-ca.mp4,4.041667,4915009,9728676,h264,1920,1080,24/1,24/1,97,yuv420p,,,,,
57,SAKURI,Bridge 2B_ One continuous four-second transition between the.mp4,inputs/sources/SAKURI/RUNWAY/Bridge 2B_ One continuous four-second transition between the.mp4,4.041667,4583738,9072965,h264,1920,1080,24/1,24/1,97,yuv420p,,,,,
58,SAKURI,Bridge 3A_ One continuous four-second repair shot between th.mp4,inputs/sources/SAKURI/RUNWAY/Bridge 3A_ One continuous four-second repair shot between th.mp4,4.041667,3466641,6861804,h264,1920,1080,24/1,24/1,97,yuv420p,,,,,
59,SAKURI,Bridge 3B_ One continuous four-second closing transition bet.mp4,inputs/sources/SAKURI/RUNWAY/Bridge 3B_ One continuous four-second closing transition bet.mp4,4.041667,3426366,6782084,h264,1920,1080,24/1,24/1,97,yuv420p,,,,,
60,SAKURI,Create a single continuous four-second cinematic bridge from.mp4,inputs/sources/SAKURI/RUNWAY/Create a single continuous four-second cinematic bridge from.mp4,4.041667,4912077,9722873,h264,1920,1080,24/1,24/1,97,yuv420p,,,,,
61,SAKURI,Create one continuous cinematic transition shot connecting t.mp4,inputs/sources/SAKURI/RUNWAY/Create one continuous cinematic transition shot connecting t.mp4,4.041667,5325493,10541181,h264,1920,1080,24/1,24/1,97,yuv420p,,,,,
62,SAKURI,Create one continuous four-second in-camera transition betwe.mp4,inputs/sources/SAKURI/RUNWAY/Create one continuous four-second in-camera transition betwe.mp4,4.041667,5000388,9897674,h264,1920,1080,24/1,24/1,97,yuv420p,,,,,
63,SAKURI,One continuous four-second camera-continuity repair between.mp4,inputs/sources/SAKURI/RUNWAY/One continuous four-second camera-continuity repair between.mp4,4.041667,4099188,8113855,h264,1920,1080,24/1,24/1,97,yuv420p,,,,,
64,SAKURI,One continuous four-second conservative repair shot connecti.mp4,inputs/sources/SAKURI/RUNWAY/One continuous four-second conservative repair shot connecti.mp4,4.041667,3835246,7591414,h264,1920,1080,24/1,24/1,97,yuv420p,,,,,
65,SAKURI,One continuous four-second macro fabric repair shot connecti.mp4,inputs/sources/SAKURI/RUNWAY/One continuous four-second macro fabric repair shot connecti.mp4,4.041667,2748822,5440966,h264,1920,1080,24/1,24/1,97,yuv420p,,,,,
66,SAKURI,One continuous four-second repair shot between two adjacent.mp4,inputs/sources/SAKURI/RUNWAY/One continuous four-second repair shot between two adjacent.mp4,4.041667,3989123,7895995,h264,1920,1080,24/1,24/1,97,yuv420p,,,,,
67,SAKURI,SAKURI_NO_NAMEPLATE_SAFE_MASTER_1080P48.mp4,inputs/sources/SAKURI/RUNWAY/SAKURI_NO_NAMEPLATE_SAFE_MASTER_1080P48.mp4,30.8125,147210588,38221004,h264,1920,1080,48/1,48/1,1479,yuv420p,,,,,
68,SAKURI,Single continuous 4-second closing take_ Begin exactly at th.mp4,inputs/sources/SAKURI/RUNWAY/Single continuous 4-second closing take_ Begin exactly at th.mp4,4.041667,4140508,8195644,h264,1920,1080,24/1,24/1,97,yuv420p,,,,,
69,SAKURI,Single continuous 5-second take_ Begin exactly at the suppli (1).mp4,inputs/sources/SAKURI/RUNWAY/Single continuous 5-second take_ Begin exactly at the suppli (1).mp4,5.041667,8083386,12826529,h264,1920,1080,24/1,24/1,121,yuv420p,,,,,
70,SAKURI,Single continuous 5-second take_ Begin exactly at the suppli.mp4,inputs/sources/SAKURI/RUNWAY/Single continuous 5-second take_ Begin exactly at the suppli.mp4,5.041667,5555460,8815274,h264,1920,1080,24/1,24/1,121,yuv420p,,,,,
71,SAKURI,Single continuous 6-second take_ Begin exactly at the suppli (1).mp4,inputs/sources/SAKURI/RUNWAY/Single continuous 6-second take_ Begin exactly at the suppli (1).mp4,6.041667,7467332,9887776,h264,1920,1080,24/1,24/1,145,yuv420p,,,,,
72,SAKURI,Single continuous 6-second take_ Begin exactly at the suppli.mp4,inputs/sources/SAKURI/RUNWAY/Single continuous 6-second take_ Begin exactly at the suppli.mp4,6.041667,7414313,9817572,h264,1920,1080,24/1,24/1,145,yuv420p,,,,,
73,SETSUKA,Add elegant cinematic magic to the existing architectural tr.mp4,inputs/sources/SETSUKA/runway雪華/Add elegant cinematic magic to the existing architectural tr.mp4,4.0,4987394,9974788,h264,1920,1080,24/1,24/1,96,yuv420p,,,,,
74,SETSUKA,Animate the supplied start and end frames as one continuous.mp4,inputs/sources/SETSUKA/runway雪華/Animate the supplied start and end frames as one continuous.mp4,5.041667,7319911,11615064,h264,1920,1080,24/1,24/1,121,yuv420p,,,,,
75,SETSUKA,Create a seamless transition from the supplied moon-gate rea.mp4,inputs/sources/SETSUKA/runway雪華/Create a seamless transition from the supplied moon-gate rea.mp4,4.041667,5882146,11643009,h264,1920,1080,24/1,24/1,97,yuv420p,,,,,
76,SETSUKA,Create a seamless transition from the supplied snowy forest.mp4,inputs/sources/SETSUKA/runway雪華/Create a seamless transition from the supplied snowy forest.mp4,4.041667,4751349,9404731,h264,1920,1080,24/1,24/1,97,yuv420p,,,,,
77,SETSUKA,Create a seamless transition from the supplied snowy palace.mp4,inputs/sources/SETSUKA/runway雪華/Create a seamless transition from the supplied snowy palace.mp4,4.041667,5715096,11312354,h264,1920,1080,24/1,24/1,97,yuv420p,,,,,
78,SETSUKA,Create one continuous cinematic 4-second transition using th.mp4,inputs/sources/SETSUKA/runway雪華/Create one continuous cinematic 4-second transition using th.mp4,4.041667,5102218,10099234,h264,1920,1080,24/1,24/1,97,yuv420p,,,,,
79,SETSUKA,Create one continuous five-second continuity bridge between.mp4,inputs/sources/SETSUKA/runway雪華/Create one continuous five-second continuity bridge between.mp4,5.041667,14807386,23496015,h264,1924,1076,24/1,24/1,121,yuv420p,,,,,
80,SETSUKA,Create one continuous five-second continuity bridge from the.mp4,inputs/sources/SETSUKA/runway雪華/Create one continuous five-second continuity bridge from the.mp4,5.041667,20797121,33000388,h264,1920,1080,24/1,24/1,121,yuv420p,,,,,
81,SETSUKA,Create one continuous five-second continuity bridge_ Treat t.mp4,inputs/sources/SETSUKA/runway雪華/Create one continuous five-second continuity bridge_ Treat t.mp4,5.041667,15774309,25030306,h264,1920,1080,24/1,24/1,121,yuv420p,,,,,
82,SETSUKA,Create one continuous five-second motion between the supplie (1).mp4,inputs/sources/SETSUKA/runway雪華/Create one continuous five-second motion between the supplie (1).mp4,5.041667,21365023,33901521,h264,1920,1080,24/1,24/1,121,yuv420p,,,,,
83,SETSUKA,Create one continuous five-second motion between the supplie.mp4,inputs/sources/SETSUKA/runway雪華/Create one continuous five-second motion between the supplie.mp4,5.041667,18820131,29863346,h264,1920,1080,24/1,24/1,121,yuv420p,,,,,
84,SETSUKA,Create one continuous five-second palace-approach motion bet.mp4,inputs/sources/SETSUKA/runway雪華/Create one continuous five-second palace-approach motion bet.mp4,5.041667,15028300,23846557,h264,1928,1076,24/1,24/1,121,yuv420p,,,,,
85,SETSUKA,Single continuous five-second opening shot using the supplie.mp4,inputs/sources/SETSUKA/runway雪華/Single continuous five-second opening shot using the supplie.mp4,5.041667,16011714,25407015,h264,1920,1080,24/1,24/1,121,yuv420p,,,,,
86,SETSUKA,Single continuous five-second shot using the supplied images.mp4,inputs/sources/SETSUKA/runway雪華/Single continuous five-second shot using the supplied images.mp4,5.041667,20384796,32346120,h264,1928,1076,24/1,24/1,121,yuv420p,,,,,
87,SETSUKA,Use the supplied source clip as the exact motion base and pr.mp4,inputs/sources/SETSUKA/runway雪華/Use the supplied source clip as the exact motion base and pr.mp4,5.041667,14568754,23117360,h264,1920,1080,24/1,24/1,121,yuv420p,,,,,
88,TSUKUYOMI,Create one continuous 4-second cinematic transition between.mp4,inputs/sources/TSUKUYOMI/runway月詠/Create one continuous 4-second cinematic transition between.mp4,4.041667,1997509,3953831,h264,1280,720,24/1,24/1,97,yuv420p,,,,,
89,TSUKUYOMI,Create one continuous 4-second cinematic transition using th (1).mp4,inputs/sources/TSUKUYOMI/runway月詠/Create one continuous 4-second cinematic transition using th (1).mp4,4.041667,2527322,5002533,h264,1280,720,24/1,24/1,97,yuv420p,,,,,
90,TSUKUYOMI,Create one continuous 4-second cinematic transition using th.mp4,inputs/sources/TSUKUYOMI/runway月詠/Create one continuous 4-second cinematic transition using th.mp4,4.041667,2233715,4421373,h264,1280,720,24/1,24/1,97,yuv420p,,,,,
91,TSUKUYOMI,Single continuous cinematic shot from the supplied start fra (1).mp4,inputs/sources/TSUKUYOMI/runway月詠/Single continuous cinematic shot from the supplied start fra (1).mp4,4.041667,5030354,9956988,h264,1920,1080,24/1,24/1,97,yuv420p,,,,,
92,TSUKUYOMI,Single continuous cinematic shot from the supplied start fra.mp4,inputs/sources/TSUKUYOMI/runway月詠/Single continuous cinematic shot from the supplied start fra.mp4,5.041667,5431401,8618420,h264,1920,1080,24/1,24/1,121,yuv420p,,,,,
93,TSUKUYOMI,Single continuous cinematic shot of the exact same adult wom.mp4,inputs/sources/TSUKUYOMI/runway月詠/Single continuous cinematic shot of the exact same adult wom.mp4,4.041667,3798705,7519085,h264,1920,1080,24/1,24/1,97,yuv420p,,,,,
94,TSUKUYOMI,Single continuous cinematic shot_ continuing from the suppli.mp4,inputs/sources/TSUKUYOMI/runway月詠/Single continuous cinematic shot_ continuing from the suppli.mp4,5.041667,6467071,10261797,h264,1920,1080,24/1,24/1,121,yuv420p,,,,,
95,TSUKUYOMI,Single continuous cinematic transition from the exact suppli.mp4,inputs/sources/TSUKUYOMI/runway月詠/Single continuous cinematic transition from the exact suppli.mp4,4.041667,4080070,8076014,h264,1920,1080,24/1,24/1,97,yuv420p,,,,,
96,YOSHINO,A single continuous cinematic shot connecting the exact star.mp4,inputs/sources/YOSHINO/RUNWAY吉野/A single continuous cinematic shot connecting the exact star.mp4,4.041667,4578520,9062636,h264,1920,1080,24/1,24/1,97,yuv420p,,,,,
97,YOSHINO,A single continuous cinematic transition connecting the exac.mp4,inputs/sources/YOSHINO/RUNWAY吉野/A single continuous cinematic transition connecting the exac.mp4,4.041667,5394725,10678217,h264,1920,1080,24/1,24/1,97,yuv420p,,,,,
98,YOSHINO,Direct continuation from the supplied last frame_ Same Yoshi.mp4,inputs/sources/YOSHINO/RUNWAY吉野/Direct continuation from the supplied last frame_ Same Yoshi.mp4,5.041667,13796207,21891500,h264,1916,1080,24/1,24/1,121,yuv420p,,,,,
99,YOSHINO,ONE continuous seamless cinematic shot_ never montage_ cross.mp4,inputs/sources/YOSHINO/RUNWAY吉野/ONE continuous seamless cinematic shot_ never montage_ cross.mp4,5.041667,15437447,24495782,h264,1916,1080,24/1,24/1,121,yuv420p,,,,,
100,YOSHINO,Preserve this exact 6A tail-extension shot_ character identi.mp4,inputs/sources/YOSHINO/RUNWAY吉野/Preserve this exact 6A tail-extension shot_ character identi.mp4,4.041667,2707275,5358729,h264,1280,720,24/1,24/1,97,yuv420p,,,,,
101,YOSHINO,Single continuous 5s character-performance shot_ Same Yoshin.mp4,inputs/sources/YOSHINO/RUNWAY吉野/Single continuous 5s character-performance shot_ Same Yoshin.mp4,5.041667,16706257,26509100,h264,1916,1080,24/1,24/1,121,yuv420p,,,,,
102,YOSHINO,agent_generate_video_edit - Camera pushes forward while arcing toward the front-right of….mp4,inputs/sources/YOSHINO/RUNWAY吉野/agent_generate_video_edit - Camera pushes forward while arcing toward the front-right of….mp4,5.041667,10456228,16591699,h264,2874,1620,24/1,24/1,121,yuv420p,,,,,
103,inputs,CURRENT_ENDING.mp4,inputs/CURRENT_ENDING.mp4,14.208333,54495882,30683899,h264,1920,1080,24/1,24/1,341,yuv420p,bt709,,,tv,
104,inputs,CURRENT_GATE.mp4,inputs/CURRENT_GATE.mp4,2.5,13507840,43225088,h264,3840,2160,24/1,24/1,60,yuv420p,,,,,
105,inputs,reference_720p.mp4,inputs/reference_720p.mp4,229.166667,67334731,2350594,h264,1280,720,24/1,32994/1375,5499,yuv420p,,,,,
